{
  "name": "ClassicMap",
  "playerColors": ["red","green","blue","violet", "yellow"],
  "continentList": [
    {
      "name": "Nordamerika",
      "troopBonus": 5,
      "countries": [
        {
          "region": "ALASKA",
          "neighborhood": [
            "ALBERTA",
            "NORTH_WEST_TERRETORIES",
            "KAMCHATKA"
          ]
        },
        {
          "region": "ALBERTA",
          "neighborhood": [
            "ALASKA",
            "NORTH_WEST_TERRETORIES",
            "ONTARIO",
            "WESTERN_STATES"
          ]
        },
        {
          "region": "NORTH_WEST_TERRETORIES",
          "neighborhood": [
            "ALASKA",
            "ALBERTA",
            "ONTARIO",
            "GREENLAND"
          ]
        },
        {
          "region": "GREENLAND",
          "neighborhood": [
            "ONTARIO",
            "NORTH_WEST_TERRETORIES",
            "EAST_CANADA",
            "ICELAND"
          ]
        },
        {
          "region": "ONTARIO",
          "neighborhood": [
            "ALBERTA",
            "WESTERN_STATES",
            "EASTERN_STATES",
            "EAST_CANADA",
            "GREENLAND"
          ]
        },
        {
          "region": "EAST_CANADA",
          "neighborhood": [
            "ONTARIO",
            "EASTERN_STATES",
            "GREENLAND"
          ]
        },
        {
          "region": "WESTERN_STATES",
          "neighborhood": [
            "ALBERTA",
            "ONTARIO",
            "EASTERN_STATES",
            "MIDDLE_AMERICA"
          ]
        },
        {
          "region": "EASTERN_STATES",
          "neighborhood": [
            "ONTARIO",
            "WESTERN_STATES",
            "EAST_CANADA",
            "MIDDLE_AMERICA"
          ]
        },
        {
          "region": "MIDDLE_AMERICA",
          "neighborhood": [
            "WESTERN_STATES",
            "EASTERN_STATES",
            "VENEZUELA"
          ]
        }
      ]
    },
    {
      "name": "Südamerika",
      "troopBonus": 2,
      "countries":[
      {
          "region": "ARGENTINA",
          "neighborhood": [
            "PERU",
            "BRAZIL"
          ]
       },
      {
          "region": "BRAZIL",
          "neighborhood": [
            "VENEZUELA",
            "PERU",
            "ARGENTINA",
            "NORTHERN_AFRICA"
          ]
       },
      {
          "region": "PERU",
          "neighborhood": [
            "ARGENTINA",
            "BRAZIL",
            "VENEZUELA"
          ]
       } ,
      {
          "region": "VENEZUELA",
          "neighborhood": [
            "MIDDLE_AMERICA",
            "BRAZIL",
            "PERU"
          ]
       }
       ]
    },
    {
      "name": "Europa",
      "troopBonus": 5,
      "countries":[
      {
          "region": "GREAT_BRITAIN",
          "neighborhood": [
            "ICELAND",
            "SKANDINAVIA",
            "NORTHERN_EUROPE",
            "WESTERN_EUROPE"
          ]
        },
      {
          "region": "ICELAND",
          "neighborhood": [
            "GREENLAND",
            "GREAT_BRITAIN",
            "SKANDINAVIA"
          ]
        },
      {
          "region": "NORTHERN_EUROPE",
          "neighborhood": [
            "GREAT_BRITAIN",
            "SKANDINAVIA",
            "RUSSIA",
            "SOUTHERN_EUROPE",
            "WESTERN_EUROPE"
          ]
        },
      {
          "region": "RUSSIA",
          "neighborhood": [
            "SKANDINAVIA",
            "NORTHERN_EUROPE",
            "SOUTHERN_EUROPE",
            "URAL",
            "AFGHANISTAN",
            "MIDDLE_EAST"
          ]
        },
      {
          "region": "SKANDINAVIA",
          "neighborhood": [
            "ICELAND",
            "GREAT_BRITAIN",
            "NORTHERN_EUROPE",
            "RUSSIA"
          ]
        },
      {
          "region": "SOUTHERN_EUROPE",
          "neighborhood": [
            "WESTERN_EUROPE",
            "NORTHERN_EUROPE",
            "RUSSIA",
            "MIDDLE_EAST",
            "EGYPT",
            "NORTHERN_AFRICA"
          ]
        },
      {
          "region": "WESTERN_EUROPE",
          "neighborhood": [
            "GREAT_BRITAIN",
            "NORTHERN_EUROPE",
            "SOUTHERN_EUROPE",
            "NORTHERN_AFRICA"
          ]
        }
      ]
    },
    {
      "name": "Afrika",
      "troopBonus": 3,
      "countries":[
      {
          "region": "CENTRAL_AFRICA",
          "neighborhood": [
            "NORTHERN_AFRICA",
            "EASTERN_AFRICA",
            "SOUTHERN_AFRICA"
          ]
        },
        {
          "region": "EASTERN_AFRICA",
          "neighborhood": [
            "CENTRAL_AFRICA",
            "EGYPT",
            "MADAGASCAR",
            "NORTHERN_AFRICA",
            "SOUTHERN_AFRICA",
            "MIDDLE_EAST"
          ]
        },
        {
          "region": "EGYPT",
          "neighborhood": [
            "NORTHERN_AFRICA",
            "EASTERN_AFRICA",
            "MIDDLE_EAST",
            "SOUTHERN_EUROPE"
          ]
        },
        {
          "region": "MADAGASCAR",
          "neighborhood": [
            "EASTERN_AFRICA",
            "SOUTHERN_AFRICA"
          ]
        },
        {
          "region": "NORTHERN_AFRICA",
          "neighborhood": [
            "EGYPT",
            "EASTERN_AFRICA",
            "CENTRAL_AFRICA",
            "BRAZIL",
            "WESTERN_EUROPE",
            "SOUTHERN_EUROPE"
          ]
        },
        {
          "region": "SOUTHERN_AFRICA",
          "neighborhood": [
            "CENTRAL_AFRICA",
            "EASTERN_AFRICA",
            "MADAGASCAR"
          ]
        }
      ]
    },
    {
      "name": "Asien",
      "troopBonus": 7,
      "countries":[
      {
          "region": "AFGHANISTAN",
          "neighborhood": [
            "RUSSIA",
            "URAL",
            "CHINA",
            "INDIA",
            "MIDDLE_EAST"
          ]
        },
        {
          "region": "CHINA",
          "neighborhood": [
            "SOUTHEAST_ASIA",
            "INDIA",
            "AFGHANISTAN",
            "URAL",
            "SIBIRIA",
            "MONGOLIA"
          ]
        },
        {
          "region": "INDIA",
          "neighborhood": [
            "MIDDLE_EAST",
            "AFGHANISTAN",
            "CHINA",
            "SOUTHEAST_ASIA"
          ]
        },
        {
          "region": "IRKUTSK",
          "neighborhood": [
            "SIBIRIA",
            "MONGOLIA",
            "KAMCHATKA",
            "JAKUTIEN"
          ]
        },
        {
          "region": "JAKUTIEN",
          "neighborhood": [
            "SIBIRIA",
            "IRKUTSK",
            "KAMCHATKA"
          ]
        },
        {
          "region": "JAPAN",
          "neighborhood": [
            "KAMCHATKA",
            "MONGOLIA"
          ]
        },
        {
          "region": "KAMCHATKA",
          "neighborhood": [
            "JAKUTIEN",
            "IRKUTSK",
            "MONGOLIA",
            "ALASKA"
          ]
        },
        {
          "region": "MIDDLE_EAST",
          "neighborhood": [
            "AFGHANISTAN",
            "INDIA",
            "RUSSIA",
            "SOUTHERN_EUROPE",
            "EGYPT",
            "EASTERN_AFRICA"
          ]
        },
        {
          "region": "MONGOLIA",
          "neighborhood": [
            "KAMCHATKA",
            "IRKUTSK",
            "SIBIRIA",
            "CHINA",
            "JAPAN"
          ]
        },
        {
          "region": "SIBIRIA",
          "neighborhood": [
            "JAKUTIEN",
            "IRKUTSK",
            "MONGOLIA",
            "CHINA",
            "URAL"
          ]
        },
        {
          "region": "SOUTHEAST_ASIA",
          "neighborhood": [
            "CHINA",
            "INDIA",
            "INDONESIA"
          ]
        },
        {
          "region": "URAL",
          "neighborhood": [
            "RUSSIA",
            "AFGHANISTAN",
            "CHINA",
            "SIBIRIA"
          ]
        }
      ]
    },
    {
      "name": "Australien",
      "troopBonus": 2,
      "countries":[
      {
          "region": "EASTERN_AUSTRALIA",
          "neighborhood": [
            "GUINEA",
            "WESTERN_AUSTRALIA"
          ]
        },
        {
          "region": "GUINEA",
          "neighborhood": [
            "INDONESIA",
            "EASTERN_AUSTRALIA"
          ]
        },
        {
          "region": "INDONESIA",
          "neighborhood": [
            "SOUTHEAST_ASIA",
            "GUINEA",
            "WESTERN_AUSTRALIA"
          ]
        },
        {
          "region": "WESTERN_AUSTRALIA",
          "neighborhood": [
            "INDONESIA",
            "EASTERN_AFRICA"
          ]
        }
      ]
    }
  ]
}
